id;name;date_of_birth;user_name;email;created_date;created_by;updated_date;updated_by;status
1;Cape Ergonomic;2024-01-01;navigate Montana Generic;Lenna93@yahoo.com;2023-12-31;72391;2023-12-31;74218;Regional Intelligent
2;circuit Cheese;2024-01-01;Corporate monetize;Kayli.Wiegand@hotmail.com;2023-12-31;43582;2024-01-01;27644;Optimization Car withdrawal
3;parse Synergistic;2024-01-01;orchid Cotton Refined;Aditya23@yahoo.com;2024-01-01;78025;2023-12-31;34229;Account Delaware Ford
4;SSL;2023-12-31;Ergonomic Yemen Fresh;Emmet44@yahoo.com;2024-01-01;59325;2024-01-01;93063;Refined
5;Avon Hat;2023-12-31;Hryvnia;Milford.Pfannerstill47@gmail.com;2024-01-01;55043;2024-01-01;31707;Grocery Bike
6;Parkway holistic Account;2024-01-01;Account Harbor Jewelery;Kristina_Orn@hotmail.com;2024-01-01;40250;2023-12-31;46934;Principal cyan
7;programming generate;2024-01-01;Handcrafted;Vidal76@gmail.com;2024-01-01;58999;2023-12-31;44237;Central Ball
8;Incredible Salad Tuna;2023-12-31;Cedi Applications Down-sized;Alexandre.Dibbert37@hotmail.com;2023-12-31;64587;2024-01-01;10289;Hawaii Ergonomic
9;Towels virtual;2023-12-31;Garden Regional;Lisa_Glover@hotmail.com;2023-12-31;72739;2023-12-31;21811;Account red
10;applications Implementation Account;2023-12-31;circuit drive;Claud.Rath@gmail.com;2024-01-01;46888;2024-01-01;59198;transmitting XML
